birdY,birdJump,birdVelocity,pipeY
300.6,0,0.6,0
301.8,0,1.2,0
303.6,0,1.7999999999999998,0
306,0,2.4,0
309,0,3,0
312.6,0,3.6,0
316.8,0,4.2,0
321.6,0,4.8,0
327,0,5.3999999999999995,0
333,0,5.999999999999999,0
339.6,0,6.599999999999999,0
346.8,0,7.199999999999998,0
354.6,0,7.799999999999998,0
363,0,8.399999999999999,0
372,0,8.999999999999998,0
381.6,0,9.599999999999998,0
391.8,0,10.199999999999998,0
402.6,0,10.799999999999997,0
414,0,11.399999999999997,0
426,0,11.999999999999996,0
438.6,0,12.599999999999996,0
451.8,0,13.199999999999996,0
465.6,0,13.799999999999995,0
480,0,14.399999999999995,0
495,0,14.999999999999995,0
510.6,0,15.599999999999994,0
526.8000000000001,0,16.199999999999996,0
543.6,0,16.799999999999997,0
561,0,17.4,0
551.6,1,-9.4,0
542.8000000000001,0,-8.8,0
534.6,0,-8.200000000000001,0
527,0,-7.600000000000001,0
520,0,-7.000000000000002,0
513.6,0,-6.400000000000002,0
507.8,0,-5.8000000000000025,0
502.6,0,-5.200000000000003,0
498,0,-4.600000000000003,0
494,0,-4.0000000000000036,0
490.6,0,-3.4000000000000035,0
487.8,0,-2.8000000000000034,0
485.6,0,-2.2000000000000033,0
484,0,-1.6000000000000032,0
483,0,-1.000000000000003,0
482.6,0,-0.40000000000000313,0
482.8,0,0.19999999999999685,0
483.6,0,0.7999999999999968,0
485,0,1.3999999999999968,0
487,0,1.999999999999997,0
489.6,0,2.599999999999997,0
492.8,0,3.199999999999997,0
496.6,0,3.799999999999997,0
501,0,4.399999999999997,0
506,0,4.9999999999999964,0
511.6,0,5.599999999999996,0
517.8000000000001,0,6.199999999999996,0
524.6,0,6.799999999999995,0
532,0,7.399999999999995,0
522.6,1,-9.4,0
513.8000000000001,0,-8.8,0
505.6000000000001,0,-8.200000000000001,0
498.00000000000006,0,-7.600000000000001,0
491.00000000000006,0,-7.000000000000002,0
484.6000000000001,0,-6.400000000000002,0
478.80000000000007,0,-5.8000000000000025,0
473.6000000000001,0,-5.200000000000003,0
469.00000000000006,0,-4.600000000000003,0
465.00000000000006,0,-4.0000000000000036,0
461.6000000000001,0,-3.4000000000000035,0
458.80000000000007,0,-2.8000000000000034,0
456.6000000000001,0,-2.2000000000000033,0
455.00000000000006,0,-1.6000000000000032,0
454.00000000000006,0,-1.000000000000003,0
453.6000000000001,0,-0.40000000000000313,0
453.80000000000007,0,0.19999999999999685,0
454.6000000000001,0,0.7999999999999968,0
456.00000000000006,0,1.3999999999999968,0
458.00000000000006,0,1.999999999999997,0
460.6000000000001,0,2.599999999999997,0
463.80000000000007,0,3.199999999999997,0
467.6000000000001,0,3.799999999999997,0
472.00000000000006,0,4.399999999999997,0
477.00000000000006,0,4.9999999999999964,0
482.6000000000001,0,5.599999999999996,0
488.80000000000007,0,6.199999999999996,0
495.6000000000001,0,6.799999999999995,0
503.00000000000006,0,7.399999999999995,0
511.00000000000006,0,7.999999999999995,0
519.6,0,8.599999999999994,0
528.8000000000001,0,9.199999999999994,0
538.6,0,9.799999999999994,0
529.2,1,-9.4,0
520.4000000000001,0,-8.8,0
512.2,0,-8.200000000000001,0
504.6,0,-7.600000000000001,0
497.6,0,-7.000000000000002,0
491.20000000000005,0,-6.400000000000002,0
485.40000000000003,0,-5.8000000000000025,0
480.20000000000005,0,-5.200000000000003,0
475.6,0,-4.600000000000003,0
471.6,0,-4.0000000000000036,0
468.20000000000005,0,-3.4000000000000035,0
465.40000000000003,0,-2.8000000000000034,0
463.20000000000005,0,-2.2000000000000033,0
461.6,0,-1.6000000000000032,0
460.6,0,-1.000000000000003,0
460.20000000000005,0,-0.40000000000000313,0
460.40000000000003,0,0.19999999999999685,0
461.20000000000005,0,0.7999999999999968,0
462.6,0,1.3999999999999968,0
464.6,0,1.999999999999997,0
467.20000000000005,0,2.599999999999997,0
470.40000000000003,0,3.199999999999997,0
474.20000000000005,0,3.799999999999997,0
478.6,0,4.399999999999997,0
483.6,0,4.9999999999999964,0
489.20000000000005,0,5.599999999999996,0
495.40000000000003,0,6.199999999999996,0
502.20000000000005,0,6.799999999999995,0
509.6,0,7.399999999999995,0
517.6,0,7.999999999999995,0
526.2,0,8.599999999999994,0
535.4000000000001,0,9.199999999999994,0
545.2,0,9.799999999999994,0
555.6,0,10.399999999999993,0
566.6,0,10.999999999999993,0
557.2,1,-9.4,0
548.4000000000001,0,-8.8,0
540.2,0,-8.200000000000001,0
532.6,0,-7.600000000000001,0
525.6,0,-7.000000000000002,0
519.2,0,-6.400000000000002,0
513.4000000000001,0,-5.8000000000000025,0
508.2000000000001,0,-5.200000000000003,0
503.6000000000001,0,-4.600000000000003,0
499.6000000000001,0,-4.0000000000000036,0
496.2000000000001,0,-3.4000000000000035,0
493.4000000000001,0,-2.8000000000000034,0
491.2000000000001,0,-2.2000000000000033,0
489.6000000000001,0,-1.6000000000000032,0
488.6000000000001,0,-1.000000000000003,0
488.2000000000001,0,-0.40000000000000313,0
488.4000000000001,0,0.19999999999999685,0
489.2000000000001,0,0.7999999999999968,0
490.6000000000001,0,1.3999999999999968,0
492.6000000000001,0,1.999999999999997,0
495.2000000000001,0,2.599999999999997,0
498.4000000000001,0,3.199999999999997,0
502.2000000000001,0,3.799999999999997,376.6700439800924
506.6000000000001,0,4.399999999999997,376.6700439800924
511.6000000000001,0,4.9999999999999964,376.6700439800924
517.2,0,5.599999999999996,376.6700439800924
523.4000000000001,0,6.199999999999996,376.6700439800924
530.2,0,6.799999999999995,376.6700439800924
537.6,0,7.399999999999995,376.6700439800924
545.6,0,7.999999999999995,376.6700439800924
554.2,0,8.599999999999994,376.6700439800924
563.4000000000001,0,9.199999999999994,376.6700439800924
568,0,0,376.6700439800924
568,0,0,376.6700439800924
568,0,0,376.6700439800924
568,0,0,376.6700439800924
568,0,0,376.6700439800924
568,0,0,376.6700439800924
568,0,0,376.6700439800924
568,0,0,376.6700439800924
568,0,0,376.6700439800924
568,0,0,376.6700439800924
568,0,0,376.6700439800924
568,0,0,376.6700439800924
568,0,0,376.6700439800924
568,0,0,376.6700439800924
568,0,0,376.6700439800924
568,0,0,376.6700439800924
568,0,0,376.6700439800924
568,0,0,376.6700439800924
568,0,0,376.6700439800924
568,0,0,376.6700439800924
568,0,0,376.6700439800924
568,0,0,376.6700439800924
568,0,0,376.6700439800924
568,0,0,376.6700439800924
568,0,0,376.6700439800924
568,0,0,376.6700439800924
568,0,0,376.6700439800924
568,0,0,376.6700439800924
568,0,0,376.6700439800924
568,0,0,376.6700439800924
568,0,0,376.6700439800924
568,0,0,376.6700439800924
568,0,0,376.6700439800924
568,0,0,376.6700439800924
568,0,0,376.6700439800924
568,0,0,376.6700439800924
568,0,0,376.6700439800924
568,0,0,376.6700439800924
568,0,0,376.6700439800924
568,0,0,376.6700439800924
568,0,0,376.6700439800924
568,0,0,376.6700439800924
568,0,0,376.6700439800924
568,0,0,376.6700439800924
568,0,0,376.6700439800924
568,0,0,376.6700439800924
568,0,0,376.6700439800924
568,0,0,376.6700439800924
568,0,0,376.6700439800924
568,0,0,376.6700439800924
568,0,0,376.6700439800924
568,0,0,376.6700439800924
568,0,0,376.6700439800924
568,0,0,376.6700439800924
568,0,0,376.6700439800924
568,0,0,376.6700439800924
568,0,0,376.6700439800924
568,0,0,376.6700439800924
568,0,0,376.6700439800924
568,0,0,376.6700439800924
568,0,0,376.6700439800924
568,0,0,376.6700439800924
568,0,0,376.6700439800924
568,0,0,376.6700439800924
568,0,0,376.6700439800924
568,0,0,376.6700439800924
568,0,0,376.6700439800924
568,0,0,376.6700439800924
568,0,0,376.6700439800924
568,0,0,376.6700439800924
568,0,0,376.6700439800924
568,0,0,376.6700439800924
568,0,0,376.6700439800924
568,0,0,376.6700439800924
568,0,0,376.6700439800924
568,0,0,376.6700439800924
568,0,0,376.6700439800924
568,0,0,376.6700439800924
568,0,0,376.6700439800924
568,0,0,376.6700439800924
568,0,0,376.6700439800924
568,0,0,376.6700439800924
568,0,0,376.6700439800924
568,0,0,376.6700439800924
568,0,0,376.6700439800924
568,0,0,376.6700439800924
568,0,0,376.6700439800924
568,0,0,376.6700439800924
568,0,0,376.6700439800924
568,0,0,376.6700439800924
568,0,0,376.6700439800924
568,0,0,376.6700439800924
568,0,0,376.6700439800924
568,0,0,376.6700439800924
568,0,0,376.6700439800924
568,0,0,376.6700439800924
568,0,0,376.6700439800924
568,0,0,376.6700439800924
568,0,0,376.6700439800924
568,0,0,376.6700439800924
568,0,0,376.6700439800924
568,0,0,376.6700439800924
568,0,0,376.6700439800924
568,0,0,376.6700439800924
568,0,0,376.6700439800924
568,0,0,376.6700439800924
568,0,0,376.6700439800924
568,0,0,376.6700439800924
568,0,0,376.6700439800924
568,0,0,376.6700439800924
568,0,0,376.6700439800924
568,0,0,376.6700439800924
568,0,0,376.6700439800924
568,0,0,376.6700439800924
568,0,0,376.6700439800924
558.6,1,-9.4,376.6700439800924
549.8000000000001,0,-8.8,376.6700439800924
541.6,0,-8.200000000000001,376.6700439800924
534,0,-7.600000000000001,376.6700439800924
527,0,-7.000000000000002,376.6700439800924
520.6,0,-6.400000000000002,376.6700439800924
514.8000000000001,0,-5.8000000000000025,376.6700439800924
509.6000000000001,0,-5.200000000000003,376.6700439800924
505.00000000000006,0,-4.600000000000003,376.6700439800924
501.00000000000006,0,-4.0000000000000036,376.6700439800924
497.6000000000001,0,-3.4000000000000035,376.6700439800924
494.80000000000007,0,-2.8000000000000034,376.6700439800924
492.6000000000001,0,-2.2000000000000033,376.6700439800924
491.00000000000006,0,-1.6000000000000032,376.6700439800924
490.00000000000006,0,-1.000000000000003,376.6700439800924
489.6000000000001,0,-0.40000000000000313,376.6700439800924
489.80000000000007,0,0.19999999999999685,376.6700439800924
490.6000000000001,0,0.7999999999999968,376.6700439800924
492.00000000000006,0,1.3999999999999968,376.6700439800924
482.6000000000001,1,-9.4,376.6700439800924
473.80000000000007,0,-8.8,376.6700439800924
465.6000000000001,0,-8.200000000000001,376.6700439800924
458.00000000000006,0,-7.600000000000001,376.6700439800924
451.00000000000006,0,-7.000000000000002,376.6700439800924
444.6000000000001,0,-6.400000000000002,376.6700439800924
438.80000000000007,0,-5.8000000000000025,376.6700439800924
433.6000000000001,0,-5.200000000000003,376.6700439800924
429.00000000000006,0,-4.600000000000003,376.6700439800924
425.00000000000006,0,-4.0000000000000036,376.6700439800924
421.6000000000001,0,-3.4000000000000035,376.6700439800924
418.80000000000007,0,-2.8000000000000034,376.6700439800924
416.6000000000001,0,-2.2000000000000033,376.6700439800924
415.00000000000006,0,-1.6000000000000032,376.6700439800924
414.00000000000006,0,-1.000000000000003,376.6700439800924
413.6000000000001,0,-0.40000000000000313,376.6700439800924
413.80000000000007,0,0.19999999999999685,376.6700439800924
414.6000000000001,0,0.7999999999999968,376.6700439800924
416.00000000000006,0,1.3999999999999968,376.6700439800924
418.00000000000006,0,1.999999999999997,376.6700439800924
420.6000000000001,0,2.599999999999997,376.6700439800924
423.80000000000007,0,3.199999999999997,376.6700439800924
427.6000000000001,0,3.799999999999997,376.6700439800924
432.00000000000006,0,4.399999999999997,376.6700439800924
437.00000000000006,0,4.9999999999999964,376.6700439800924
442.6000000000001,0,5.599999999999996,376.6700439800924
448.80000000000007,0,6.199999999999996,376.6700439800924
455.6000000000001,0,6.799999999999995,376.6700439800924
463.00000000000006,0,7.399999999999995,376.6700439800924
471.00000000000006,0,7.999999999999995,376.6700439800924
479.6,0,8.599999999999994,376.6700439800924
488.8,0,9.199999999999994,376.6700439800924
479.40000000000003,1,-9.4,376.6700439800924
470.6,0,-8.8,376.6700439800924
462.40000000000003,0,-8.200000000000001,376.6700439800924
454.8,0,-7.600000000000001,376.6700439800924
447.8,0,-7.000000000000002,376.6700439800924
441.40000000000003,0,-6.400000000000002,376.6700439800924
435.6,0,-5.8000000000000025,376.6700439800924
430.40000000000003,0,-5.200000000000003,376.6700439800924
425.8,0,-4.600000000000003,376.6700439800924
421.8,0,-4.0000000000000036,376.6700439800924
418.40000000000003,0,-3.4000000000000035,376.6700439800924
415.6,0,-2.8000000000000034,376.6700439800924
413.40000000000003,0,-2.2000000000000033,376.6700439800924
411.8,0,-1.6000000000000032,376.6700439800924
410.8,0,-1.000000000000003,376.6700439800924
410.40000000000003,0,-0.40000000000000313,376.6700439800924
410.6,0,0.19999999999999685,376.6700439800924
411.40000000000003,0,0.7999999999999968,376.6700439800924
412.8,0,1.3999999999999968,376.6700439800924
414.8,0,1.999999999999997,376.6700439800924
417.40000000000003,0,2.599999999999997,376.6700439800924
420.6,0,3.199999999999997,376.6700439800924
424.40000000000003,0,3.799999999999997,376.6700439800924
428.8,0,4.399999999999997,376.6700439800924
433.8,0,4.9999999999999964,376.6700439800924
439.40000000000003,0,5.599999999999996,376.6700439800924
445.6,0,6.199999999999996,376.6700439800924
452.40000000000003,0,6.799999999999995,376.6700439800924
459.8,0,7.399999999999995,376.6700439800924
467.8,0,7.999999999999995,376.6700439800924
458.40000000000003,1,-9.4,376.6700439800924
449.6,0,-8.8,376.6700439800924
441.40000000000003,0,-8.200000000000001,376.6700439800924
433.8,0,-7.600000000000001,376.6700439800924
426.8,0,-7.000000000000002,376.6700439800924
420.40000000000003,0,-6.400000000000002,376.6700439800924
414.6,0,-5.8000000000000025,376.6700439800924
409.40000000000003,0,-5.200000000000003,376.6700439800924
404.8,0,-4.600000000000003,376.6700439800924
400.8,0,-4.0000000000000036,376.6700439800924
397.40000000000003,0,-3.4000000000000035,376.6700439800924
394.6,0,-2.8000000000000034,376.6700439800924
392.40000000000003,0,-2.2000000000000033,376.6700439800924
390.8,0,-1.6000000000000032,376.6700439800924
389.8,0,-1.000000000000003,376.6700439800924
389.40000000000003,0,-0.40000000000000313,376.6700439800924
389.6,0,0.19999999999999685,376.6700439800924
390.40000000000003,0,0.7999999999999968,376.6700439800924
391.8,0,1.3999999999999968,376.6700439800924
393.8,0,1.999999999999997,376.6700439800924
396.40000000000003,0,2.599999999999997,376.6700439800924
399.6,0,3.199999999999997,376.6700439800924
403.40000000000003,0,3.799999999999997,376.6700439800924
407.8,0,4.399999999999997,376.6700439800924
412.8,0,4.9999999999999964,376.6700439800924
418.40000000000003,0,5.599999999999996,376.6700439800924
424.6,0,6.199999999999996,376.6700439800924
431.40000000000003,0,6.799999999999995,376.6700439800924
422.00000000000006,1,-9.4,376.6700439800924
413.20000000000005,0,-8.8,376.6700439800924
405.00000000000006,0,-8.200000000000001,376.6700439800924
397.40000000000003,0,-7.600000000000001,376.6700439800924
390.40000000000003,0,-7.000000000000002,376.6700439800924
384.00000000000006,0,-6.400000000000002,376.6700439800924
378.20000000000005,0,-5.8000000000000025,376.6700439800924
373.00000000000006,0,-5.200000000000003,376.6700439800924
368.40000000000003,0,-4.600000000000003,376.6700439800924
364.40000000000003,0,-4.0000000000000036,376.6700439800924
361.00000000000006,0,-3.4000000000000035,376.6700439800924
358.20000000000005,0,-2.8000000000000034,376.6700439800924
356.00000000000006,0,-2.2000000000000033,288.7216656363057
354.40000000000003,0,-1.6000000000000032,288.7216656363057
353.40000000000003,0,-1.000000000000003,288.7216656363057
353.00000000000006,0,-0.40000000000000313,288.7216656363057
353.20000000000005,0,0.19999999999999685,288.7216656363057
354.00000000000006,0,0.7999999999999968,288.7216656363057
355.40000000000003,0,1.3999999999999968,288.7216656363057
357.40000000000003,0,1.999999999999997,288.7216656363057
360.00000000000006,0,2.599999999999997,288.7216656363057
363.20000000000005,0,3.199999999999997,288.7216656363057
367.00000000000006,0,3.799999999999997,288.7216656363057
371.40000000000003,0,4.399999999999997,288.7216656363057
376.40000000000003,0,4.9999999999999964,288.7216656363057
382.00000000000006,0,5.599999999999996,288.7216656363057
388.20000000000005,0,6.199999999999996,288.7216656363057
395.00000000000006,0,6.799999999999995,288.7216656363057
402.40000000000003,0,7.399999999999995,288.7216656363057
393.00000000000006,1,-9.4,288.7216656363057
384.20000000000005,0,-8.8,288.7216656363057
376.00000000000006,0,-8.200000000000001,288.7216656363057
368.40000000000003,0,-7.600000000000001,288.7216656363057
361.40000000000003,0,-7.000000000000002,288.7216656363057
355.00000000000006,0,-6.400000000000002,288.7216656363057
349.20000000000005,0,-5.8000000000000025,288.7216656363057
344.00000000000006,0,-5.200000000000003,288.7216656363057
339.40000000000003,0,-4.600000000000003,288.7216656363057
335.40000000000003,0,-4.0000000000000036,288.7216656363057
332.00000000000006,0,-3.4000000000000035,288.7216656363057
329.20000000000005,0,-2.8000000000000034,288.7216656363057
327.00000000000006,0,-2.2000000000000033,288.7216656363057
325.40000000000003,0,-1.6000000000000032,288.7216656363057
324.40000000000003,0,-1.000000000000003,288.7216656363057
324.00000000000006,0,-0.40000000000000313,288.7216656363057
324.20000000000005,0,0.19999999999999685,288.7216656363057
325.00000000000006,0,0.7999999999999968,288.7216656363057
326.40000000000003,0,1.3999999999999968,288.7216656363057
328.40000000000003,0,1.999999999999997,288.7216656363057
331.00000000000006,0,2.599999999999997,288.7216656363057
334.20000000000005,0,3.199999999999997,288.7216656363057
338.00000000000006,0,3.799999999999997,288.7216656363057
342.40000000000003,0,4.399999999999997,288.7216656363057
347.40000000000003,0,4.9999999999999964,288.7216656363057
353.00000000000006,0,5.599999999999996,288.7216656363057
359.20000000000005,0,6.199999999999996,288.7216656363057
366.00000000000006,0,6.799999999999995,288.7216656363057
373.40000000000003,0,7.399999999999995,288.7216656363057
381.40000000000003,0,7.999999999999995,288.7216656363057
390,0,8.599999999999994,288.7216656363057
399.2,0,9.199999999999994,288.7216656363057
409,0,9.799999999999994,288.7216656363057
419.4,0,10.399999999999993,288.7216656363057
430.4,0,10.999999999999993,288.7216656363057
441.99999999999994,0,11.599999999999993,288.7216656363057
454.19999999999993,0,12.199999999999992,288.7216656363057
466.99999999999994,0,12.799999999999992,288.7216656363057
480.3999999999999,0,13.399999999999991,288.7216656363057
494.3999999999999,0,13.999999999999991,288.7216656363057
484.99999999999994,1,-9.4,288.7216656363057
476.19999999999993,0,-8.8,288.7216656363057
467.99999999999994,0,-8.200000000000001,288.7216656363057
460.3999999999999,0,-7.600000000000001,288.7216656363057
453.3999999999999,0,-7.000000000000002,288.7216656363057
446.99999999999994,0,-6.400000000000002,288.7216656363057
441.19999999999993,0,-5.8000000000000025,288.7216656363057
435.99999999999994,0,-5.200000000000003,288.7216656363057
431.3999999999999,0,-4.600000000000003,288.7216656363057
427.3999999999999,0,-4.0000000000000036,288.7216656363057
423.99999999999994,0,-3.4000000000000035,288.7216656363057
421.19999999999993,0,-2.8000000000000034,288.7216656363057
418.99999999999994,0,-2.2000000000000033,288.7216656363057
409.59999999999997,1,-9.4,288.7216656363057
400.79999999999995,0,-8.8,288.7216656363057
392.59999999999997,0,-8.200000000000001,288.7216656363057
384.99999999999994,0,-7.600000000000001,288.7216656363057
377.99999999999994,0,-7.000000000000002,288.7216656363057
371.59999999999997,0,-6.400000000000002,288.7216656363057
365.79999999999995,0,-5.8000000000000025,288.7216656363057
360.59999999999997,0,-5.200000000000003,288.7216656363057
355.99999999999994,0,-4.600000000000003,288.7216656363057
351.99999999999994,0,-4.0000000000000036,288.7216656363057
348.59999999999997,0,-3.4000000000000035,288.7216656363057
345.79999999999995,0,-2.8000000000000034,288.7216656363057
336.4,1,-9.4,288.7216656363057
327.59999999999997,0,-8.8,288.7216656363057
319.4,0,-8.200000000000001,288.7216656363057
311.79999999999995,0,-7.600000000000001,288.7216656363057
304.79999999999995,0,-7.000000000000002,288.7216656363057
298.4,0,-6.400000000000002,288.7216656363057
292.59999999999997,0,-5.8000000000000025,288.7216656363057
287.4,0,-5.200000000000003,288.7216656363057
282.79999999999995,0,-4.600000000000003,288.7216656363057
278.79999999999995,0,-4.0000000000000036,288.7216656363057
275.4,0,-3.4000000000000035,288.7216656363057
272.59999999999997,0,-2.8000000000000034,288.7216656363057
270.4,0,-2.2000000000000033,288.7216656363057
268.79999999999995,0,-1.6000000000000032,288.7216656363057
267.79999999999995,0,-1.000000000000003,288.7216656363057
267.4,0,-0.40000000000000313,288.7216656363057
267.59999999999997,0,0.19999999999999685,288.7216656363057
268.4,0,0.7999999999999968,288.7216656363057
269.79999999999995,0,1.3999999999999968,288.7216656363057
271.79999999999995,0,1.999999999999997,288.7216656363057
274.4,0,2.599999999999997,288.7216656363057
277.59999999999997,0,3.199999999999997,288.7216656363057
281.4,0,3.799999999999997,288.7216656363057
285.79999999999995,0,4.399999999999997,288.7216656363057
290.79999999999995,0,4.9999999999999964,288.7216656363057
296.4,0,5.599999999999996,288.7216656363057
302.59999999999997,0,6.199999999999996,288.7216656363057
309.4,0,6.799999999999995,288.7216656363057
316.79999999999995,0,7.399999999999995,288.7216656363057
324.79999999999995,0,7.999999999999995,288.7216656363057
333.4,0,8.599999999999994,288.7216656363057
342.59999999999997,0,9.199999999999994,288.7216656363057
333.2,1,-9.4,288.7216656363057
324.4,0,-8.8,288.7216656363057
316.2,0,-8.200000000000001,288.7216656363057
308.59999999999997,0,-7.600000000000001,288.7216656363057
301.59999999999997,0,-7.000000000000002,288.7216656363057
295.2,0,-6.400000000000002,288.7216656363057
289.4,0,-5.8000000000000025,288.7216656363057
284.2,0,-5.200000000000003,288.7216656363057
279.59999999999997,0,-4.600000000000003,288.7216656363057
275.59999999999997,0,-4.0000000000000036,288.7216656363057
272.2,0,-3.4000000000000035,288.7216656363057
269.4,0,-2.8000000000000034,288.7216656363057
267.2,0,-2.2000000000000033,288.7216656363057
265.59999999999997,0,-1.6000000000000032,288.7216656363057
264.59999999999997,0,-1.000000000000003,288.7216656363057
264.2,0,-0.40000000000000313,288.7216656363057
264.4,0,0.19999999999999685,288.7216656363057
265.2,0,0.7999999999999968,288.7216656363057
266.59999999999997,0,1.3999999999999968,288.7216656363057
268.59999999999997,0,1.999999999999997,288.7216656363057
271.2,0,2.599999999999997,288.7216656363057
274.4,0,3.199999999999997,288.7216656363057
278.2,0,3.799999999999997,288.7216656363057
282.59999999999997,0,4.399999999999997,288.7216656363057
287.59999999999997,0,4.9999999999999964,288.7216656363057
293.2,0,5.599999999999996,288.7216656363057
299.4,0,6.199999999999996,288.7216656363057
306.2,0,6.799999999999995,288.7216656363057
313.59999999999997,0,7.399999999999995,288.7216656363057
321.59999999999997,0,7.999999999999995,288.7216656363057
312.2,1,-9.4,288.7216656363057
303.4,0,-8.8,288.7216656363057
295.2,0,-8.200000000000001,288.7216656363057
287.59999999999997,0,-7.600000000000001,288.7216656363057
280.59999999999997,0,-7.000000000000002,288.7216656363057
274.2,0,-6.400000000000002,288.7216656363057
268.4,0,-5.8000000000000025,207.7127419246193
263.2,0,-5.200000000000003,207.7127419246193
258.59999999999997,0,-4.600000000000003,207.7127419246193
254.59999999999997,0,-4.0000000000000036,207.7127419246193
251.19999999999996,0,-3.4000000000000035,207.7127419246193
248.39999999999995,0,-2.8000000000000034,207.7127419246193
246.19999999999993,0,-2.2000000000000033,207.7127419246193
244.59999999999994,0,-1.6000000000000032,207.7127419246193
243.59999999999994,0,-1.000000000000003,207.7127419246193
243.19999999999993,0,-0.40000000000000313,207.7127419246193
243.39999999999992,0,0.19999999999999685,207.7127419246193
244.1999999999999,0,0.7999999999999968,207.7127419246193
245.5999999999999,0,1.3999999999999968,207.7127419246193
247.5999999999999,0,1.999999999999997,207.7127419246193
250.1999999999999,0,2.599999999999997,207.7127419246193
253.3999999999999,0,3.199999999999997,207.7127419246193
257.1999999999999,0,3.799999999999997,207.7127419246193
261.59999999999985,0,4.399999999999997,207.7127419246193
266.59999999999985,0,4.9999999999999964,207.7127419246193
272.1999999999999,0,5.599999999999996,207.7127419246193
278.39999999999986,0,6.199999999999996,207.7127419246193
285.1999999999999,0,6.799999999999995,207.7127419246193
292.59999999999985,0,7.399999999999995,207.7127419246193
300.59999999999985,0,7.999999999999995,207.7127419246193
309.1999999999998,0,8.599999999999994,207.7127419246193
318.3999999999998,0,9.199999999999994,207.7127419246193
308.99999999999983,1,-9.4,207.7127419246193
300.1999999999998,0,-8.8,207.7127419246193
291.99999999999983,0,-8.200000000000001,207.7127419246193
284.3999999999998,0,-7.600000000000001,207.7127419246193
277.3999999999998,0,-7.000000000000002,207.7127419246193
270.99999999999983,0,-6.400000000000002,207.7127419246193
265.1999999999998,0,-5.8000000000000025,207.7127419246193
259.99999999999983,0,-5.200000000000003,207.7127419246193
255.39999999999984,0,-4.600000000000003,207.7127419246193
251.39999999999984,0,-4.0000000000000036,207.7127419246193
247.99999999999983,0,-3.4000000000000035,207.7127419246193
245.19999999999982,0,-2.8000000000000034,207.7127419246193
242.9999999999998,0,-2.2000000000000033,207.7127419246193
241.3999999999998,0,-1.6000000000000032,207.7127419246193
240.3999999999998,0,-1.000000000000003,207.7127419246193
239.9999999999998,0,-0.40000000000000313,207.7127419246193
240.1999999999998,0,0.19999999999999685,207.7127419246193
240.99999999999977,0,0.7999999999999968,207.7127419246193
242.39999999999978,0,1.3999999999999968,207.7127419246193
244.39999999999978,0,1.999999999999997,207.7127419246193
246.99999999999977,0,2.599999999999997,207.7127419246193
250.19999999999976,0,3.199999999999997,207.7127419246193
253.99999999999977,0,3.799999999999997,207.7127419246193
258.39999999999975,0,4.399999999999997,207.7127419246193
263.39999999999975,0,4.9999999999999964,207.7127419246193
268.9999999999998,0,5.599999999999996,207.7127419246193
275.19999999999976,0,6.199999999999996,207.7127419246193
281.9999999999998,0,6.799999999999995,207.7127419246193
289.39999999999975,0,7.399999999999995,207.7127419246193
297.39999999999975,0,7.999999999999995,207.7127419246193
305.9999999999998,0,8.599999999999994,207.7127419246193
315.19999999999976,0,9.199999999999994,207.7127419246193
324.9999999999998,0,9.799999999999994,207.7127419246193
315.5999999999998,1,-9.4,207.7127419246193
306.7999999999998,0,-8.8,207.7127419246193
298.5999999999998,0,-8.200000000000001,207.7127419246193
290.9999999999998,0,-7.600000000000001,207.7127419246193
283.9999999999998,0,-7.000000000000002,207.7127419246193
277.5999999999998,0,-6.400000000000002,207.7127419246193
271.7999999999998,0,-5.8000000000000025,207.7127419246193
266.5999999999998,0,-5.200000000000003,207.7127419246193
261.9999999999998,0,-4.600000000000003,207.7127419246193
257.9999999999998,0,-4.0000000000000036,207.7127419246193
254.59999999999977,0,-3.4000000000000035,207.7127419246193
251.79999999999976,0,-2.8000000000000034,207.7127419246193
249.59999999999974,0,-2.2000000000000033,207.7127419246193
247.99999999999974,0,-1.6000000000000032,207.7127419246193
246.99999999999974,0,-1.000000000000003,207.7127419246193
246.59999999999974,0,-0.40000000000000313,207.7127419246193
246.79999999999973,0,0.19999999999999685,207.7127419246193
247.5999999999997,0,0.7999999999999968,207.7127419246193
248.99999999999972,0,1.3999999999999968,207.7127419246193
250.99999999999972,0,1.999999999999997,207.7127419246193
253.5999999999997,0,2.599999999999997,207.7127419246193
256.7999999999997,0,3.199999999999997,207.7127419246193
260.59999999999974,0,3.799999999999997,207.7127419246193
264.9999999999997,0,4.399999999999997,207.7127419246193
269.9999999999997,0,4.9999999999999964,207.7127419246193
275.59999999999974,0,5.599999999999996,207.7127419246193
281.7999999999997,0,6.199999999999996,207.7127419246193
288.59999999999974,0,6.799999999999995,207.7127419246193
279.19999999999976,1,-9.4,207.7127419246193
270.39999999999975,0,-8.8,207.7127419246193
262.19999999999976,0,-8.200000000000001,207.7127419246193
254.59999999999977,0,-7.600000000000001,207.7127419246193
247.59999999999977,0,-7.000000000000002,207.7127419246193
241.19999999999976,0,-6.400000000000002,207.7127419246193
235.39999999999975,0,-5.8000000000000025,207.7127419246193
230.19999999999976,0,-5.200000000000003,207.7127419246193
225.59999999999977,0,-4.600000000000003,207.7127419246193
221.59999999999977,0,-4.0000000000000036,207.7127419246193
218.19999999999976,0,-3.4000000000000035,207.7127419246193
215.39999999999975,0,-2.8000000000000034,207.7127419246193
213.19999999999973,0,-2.2000000000000033,207.7127419246193
211.59999999999974,0,-1.6000000000000032,207.7127419246193
210.59999999999974,0,-1.000000000000003,207.7127419246193
210.19999999999973,0,-0.40000000000000313,207.7127419246193
210.39999999999972,0,0.19999999999999685,207.7127419246193
211.1999999999997,0,0.7999999999999968,207.7127419246193
212.5999999999997,0,1.3999999999999968,207.7127419246193
214.5999999999997,0,1.999999999999997,207.7127419246193
217.1999999999997,0,2.599999999999997,207.7127419246193
220.3999999999997,0,3.199999999999997,207.7127419246193
224.1999999999997,0,3.799999999999997,207.7127419246193
228.5999999999997,0,4.399999999999997,207.7127419246193
233.5999999999997,0,4.9999999999999964,207.7127419246193
239.1999999999997,0,5.599999999999996,207.7127419246193
245.3999999999997,0,6.199999999999996,207.7127419246193
252.19999999999968,0,6.799999999999995,207.7127419246193
259.5999999999997,0,7.399999999999995,207.7127419246193
267.5999999999997,0,7.999999999999995,207.7127419246193
258.1999999999997,1,-9.4,207.7127419246193
249.3999999999997,0,-8.8,207.7127419246193
241.1999999999997,0,-8.200000000000001,207.7127419246193
233.5999999999997,0,-7.600000000000001,207.7127419246193
226.5999999999997,0,-7.000000000000002,207.7127419246193
220.1999999999997,0,-6.400000000000002,207.7127419246193
214.3999999999997,0,-5.8000000000000025,207.7127419246193
209.1999999999997,0,-5.200000000000003,207.7127419246193
204.5999999999997,0,-4.600000000000003,207.7127419246193
200.5999999999997,0,-4.0000000000000036,207.7127419246193
197.1999999999997,0,-3.4000000000000035,207.7127419246193
194.3999999999997,0,-2.8000000000000034,207.7127419246193
192.19999999999968,0,-2.2000000000000033,207.7127419246193
190.59999999999968,0,-1.6000000000000032,207.7127419246193
189.59999999999968,0,-1.000000000000003,207.7127419246193
189.19999999999968,0,-0.40000000000000313,207.7127419246193
189.39999999999966,0,0.19999999999999685,207.7127419246193
190.19999999999965,0,0.7999999999999968,207.7127419246193
191.59999999999965,0,1.3999999999999968,207.7127419246193
193.59999999999965,0,1.999999999999997,207.7127419246193
196.19999999999965,0,2.599999999999997,207.7127419246193
199.39999999999964,0,3.199999999999997,207.7127419246193
203.19999999999965,0,3.799999999999997,207.7127419246193
207.59999999999965,0,4.399999999999997,207.7127419246193
212.59999999999965,0,4.9999999999999964,207.7127419246193
218.19999999999965,0,5.599999999999996,207.7127419246193
224.39999999999964,0,6.199999999999996,207.7127419246193
231.19999999999962,0,6.799999999999995,207.7127419246193
221.7999999999996,1,-9.4,207.7127419246193
212.9999999999996,0,-8.8,207.7127419246193
204.7999999999996,0,-8.200000000000001,207.7127419246193
197.19999999999962,0,-7.600000000000001,207.7127419246193
190.19999999999962,0,-7.000000000000002,207.7127419246193
183.7999999999996,0,-6.400000000000002,439.7580707167208
177.9999999999996,0,-5.8000000000000025,439.7580707167208
172.7999999999996,0,-5.200000000000003,439.7580707167208
168.19999999999962,0,-4.600000000000003,439.7580707167208
164.19999999999962,0,-4.0000000000000036,439.7580707167208
160.7999999999996,0,-3.4000000000000035,439.7580707167208
157.9999999999996,0,-2.8000000000000034,439.7580707167208
155.79999999999959,0,-2.2000000000000033,439.7580707167208
154.1999999999996,0,-1.6000000000000032,439.7580707167208
153.1999999999996,0,-1.000000000000003,439.7580707167208
152.79999999999959,0,-0.40000000000000313,439.7580707167208
152.99999999999957,0,0.19999999999999685,439.7580707167208
153.79999999999956,0,0.7999999999999968,439.7580707167208
155.19999999999956,0,1.3999999999999968,439.7580707167208
157.19999999999956,0,1.999999999999997,439.7580707167208
159.79999999999956,0,2.599999999999997,439.7580707167208
162.99999999999955,0,3.199999999999997,439.7580707167208
166.79999999999956,0,3.799999999999997,439.7580707167208
171.19999999999956,0,4.399999999999997,439.7580707167208
176.19999999999956,0,4.9999999999999964,439.7580707167208
181.79999999999956,0,5.599999999999996,439.7580707167208
187.99999999999955,0,6.199999999999996,439.7580707167208
194.79999999999953,0,6.799999999999995,439.7580707167208
202.19999999999953,0,7.399999999999995,439.7580707167208
210.19999999999953,0,7.999999999999995,439.7580707167208
218.79999999999953,0,8.599999999999994,439.7580707167208
209.39999999999952,1,-9.4,439.7580707167208
200.5999999999995,0,-8.8,439.7580707167208
192.39999999999952,0,-8.200000000000001,439.7580707167208
184.79999999999953,0,-7.600000000000001,439.7580707167208
177.79999999999953,0,-7.000000000000002,439.7580707167208
171.39999999999952,0,-6.400000000000002,439.7580707167208
165.5999999999995,0,-5.8000000000000025,439.7580707167208
160.39999999999952,0,-5.200000000000003,439.7580707167208
155.79999999999953,0,-4.600000000000003,439.7580707167208
151.79999999999953,0,-4.0000000000000036,439.7580707167208
148.39999999999952,0,-3.4000000000000035,439.7580707167208
145.5999999999995,0,-2.8000000000000034,439.7580707167208
143.3999999999995,0,-2.2000000000000033,439.7580707167208
141.7999999999995,0,-1.6000000000000032,439.7580707167208
140.7999999999995,0,-1.000000000000003,439.7580707167208
140.3999999999995,0,-0.40000000000000313,439.7580707167208
140.59999999999948,0,0.19999999999999685,439.7580707167208
141.39999999999947,0,0.7999999999999968,439.7580707167208
142.79999999999947,0,1.3999999999999968,439.7580707167208
144.79999999999947,0,1.999999999999997,439.7580707167208
147.39999999999947,0,2.599999999999997,439.7580707167208
150.59999999999945,0,3.199999999999997,439.7580707167208
154.39999999999947,0,3.799999999999997,439.7580707167208
158.79999999999947,0,4.399999999999997,439.7580707167208
163.79999999999947,0,4.9999999999999964,439.7580707167208
169.39999999999947,0,5.599999999999996,439.7580707167208
175.59999999999945,0,6.199999999999996,439.7580707167208
182.39999999999944,0,6.799999999999995,439.7580707167208
189.79999999999944,0,7.399999999999995,439.7580707167208
197.79999999999944,0,7.999999999999995,439.7580707167208
206.39999999999944,0,8.599999999999994,439.7580707167208
215.59999999999943,0,9.199999999999994,439.7580707167208
225.3999999999994,0,9.799999999999994,439.7580707167208
235.79999999999941,0,10.399999999999993,439.7580707167208
246.79999999999941,0,10.999999999999993,439.7580707167208
258.3999999999994,0,11.599999999999993,439.7580707167208
270.5999999999994,0,12.199999999999992,439.7580707167208
283.3999999999994,0,12.799999999999992,439.7580707167208
296.7999999999994,0,13.399999999999991,439.7580707167208
310.7999999999994,0,13.999999999999991,439.7580707167208
325.39999999999935,0,14.59999999999999,439.7580707167208
340.59999999999934,0,15.19999999999999,439.7580707167208
356.39999999999935,0,15.79999999999999,439.7580707167208
372.79999999999933,0,16.39999999999999,439.7580707167208
389.79999999999933,0,16.999999999999993,439.7580707167208
407.3999999999993,0,17.599999999999994,439.7580707167208
425.5999999999993,0,18.199999999999996,439.7580707167208
444.3999999999993,0,18.799999999999997,439.7580707167208
463.7999999999993,0,19.4,439.7580707167208
483.7999999999993,0,20,439.7580707167208
504.3999999999993,0,20.6,439.7580707167208
494.9999999999993,1,-9.4,439.7580707167208
486.1999999999993,0,-8.8,439.7580707167208
477.9999999999993,0,-8.200000000000001,439.7580707167208
470.3999999999993,0,-7.600000000000001,439.7580707167208
463.3999999999993,0,-7.000000000000002,439.7580707167208
456.9999999999993,0,-6.400000000000002,439.7580707167208
451.1999999999993,0,-5.8000000000000025,439.7580707167208
445.9999999999993,0,-5.200000000000003,439.7580707167208
441.3999999999993,0,-4.600000000000003,439.7580707167208
437.3999999999993,0,-4.0000000000000036,439.7580707167208
433.9999999999993,0,-3.4000000000000035,439.7580707167208
431.1999999999993,0,-2.8000000000000034,439.7580707167208
428.9999999999993,0,-2.2000000000000033,439.7580707167208
427.3999999999993,0,-1.6000000000000032,439.7580707167208
426.3999999999993,0,-1.000000000000003,439.7580707167208
425.9999999999993,0,-0.40000000000000313,439.7580707167208
426.1999999999993,0,0.19999999999999685,439.7580707167208
426.9999999999993,0,0.7999999999999968,439.7580707167208
428.3999999999993,0,1.3999999999999968,439.7580707167208
430.3999999999993,0,1.999999999999997,439.7580707167208
432.9999999999993,0,2.599999999999997,439.7580707167208
436.1999999999993,0,3.199999999999997,439.7580707167208
439.9999999999993,0,3.799999999999997,439.7580707167208
444.3999999999993,0,4.399999999999997,439.7580707167208
449.3999999999993,0,4.9999999999999964,439.7580707167208
454.9999999999993,0,5.599999999999996,439.7580707167208
461.1999999999993,0,6.199999999999996,439.7580707167208
467.9999999999993,0,6.799999999999995,439.7580707167208
475.3999999999993,0,7.399999999999995,439.7580707167208
465.9999999999993,1,-9.4,439.7580707167208
457.1999999999993,0,-8.8,439.7580707167208
448.9999999999993,0,-8.200000000000001,439.7580707167208
441.3999999999993,0,-7.600000000000001,439.7580707167208
434.3999999999993,0,-7.000000000000002,439.7580707167208
427.9999999999993,0,-6.400000000000002,439.7580707167208
422.1999999999993,0,-5.8000000000000025,439.7580707167208
416.9999999999993,0,-5.200000000000003,439.7580707167208
412.3999999999993,0,-4.600000000000003,439.7580707167208
408.3999999999993,0,-4.0000000000000036,439.7580707167208
404.9999999999993,0,-3.4000000000000035,439.7580707167208
402.1999999999993,0,-2.8000000000000034,439.7580707167208
399.9999999999993,0,-2.2000000000000033,439.7580707167208
398.3999999999993,0,-1.6000000000000032,439.7580707167208
397.3999999999993,0,-1.000000000000003,439.7580707167208
396.9999999999993,0,-0.40000000000000313,439.7580707167208
397.1999999999993,0,0.19999999999999685,439.7580707167208
397.9999999999993,0,0.7999999999999968,439.7580707167208
399.3999999999993,0,1.3999999999999968,439.7580707167208
401.3999999999993,0,1.999999999999997,439.7580707167208
403.9999999999993,0,2.599999999999997,439.7580707167208
407.1999999999993,0,3.199999999999997,439.7580707167208
410.9999999999993,0,3.799999999999997,439.7580707167208
415.3999999999993,0,4.399999999999997,439.7580707167208
420.3999999999993,0,4.9999999999999964,439.7580707167208
425.9999999999993,0,5.599999999999996,439.7580707167208
432.1999999999993,0,6.199999999999996,439.7580707167208
438.9999999999993,0,6.799999999999995,439.7580707167208
446.3999999999993,0,7.399999999999995,439.7580707167208
454.3999999999993,0,7.999999999999995,439.7580707167208
462.9999999999993,0,8.599999999999994,439.7580707167208
472.1999999999993,0,9.199999999999994,439.7580707167208
462.79999999999933,1,-9.4,439.7580707167208
453.9999999999993,0,-8.8,439.7580707167208
445.79999999999933,0,-8.200000000000001,439.7580707167208
438.1999999999993,0,-7.600000000000001,439.7580707167208
431.1999999999993,0,-7.000000000000002,439.7580707167208
424.79999999999933,0,-6.400000000000002,439.7580707167208
418.9999999999993,0,-5.8000000000000025,439.7580707167208
413.79999999999933,0,-5.200000000000003,439.7580707167208
409.1999999999993,0,-4.600000000000003,439.7580707167208
405.1999999999993,0,-4.0000000000000036,439.7580707167208
401.79999999999933,0,-3.4000000000000035,439.7580707167208
398.9999999999993,0,-2.8000000000000034,439.7580707167208
396.79999999999933,0,-2.2000000000000033,413.1529172841681
395.1999999999993,0,-1.6000000000000032,413.1529172841681
394.1999999999993,0,-1.000000000000003,413.1529172841681
393.79999999999933,0,-0.40000000000000313,413.1529172841681
393.9999999999993,0,0.19999999999999685,413.1529172841681
394.79999999999933,0,0.7999999999999968,413.1529172841681
396.1999999999993,0,1.3999999999999968,413.1529172841681
398.1999999999993,0,1.999999999999997,413.1529172841681
400.79999999999933,0,2.599999999999997,413.1529172841681
403.9999999999993,0,3.199999999999997,413.1529172841681
407.79999999999933,0,3.799999999999997,413.1529172841681
412.1999999999993,0,4.399999999999997,413.1529172841681
417.1999999999993,0,4.9999999999999964,413.1529172841681
422.79999999999933,0,5.599999999999996,413.1529172841681
428.9999999999993,0,6.199999999999996,413.1529172841681
435.79999999999933,0,6.799999999999995,413.1529172841681
443.1999999999993,0,7.399999999999995,413.1529172841681
451.1999999999993,0,7.999999999999995,413.1529172841681
459.7999999999993,0,8.599999999999994,413.1529172841681
468.99999999999926,0,9.199999999999994,413.1529172841681
459.5999999999993,1,-9.4,413.1529172841681
450.7999999999993,0,-8.8,413.1529172841681
442.5999999999993,0,-8.200000000000001,413.1529172841681
434.99999999999926,0,-7.600000000000001,413.1529172841681
427.99999999999926,0,-7.000000000000002,413.1529172841681
421.5999999999993,0,-6.400000000000002,413.1529172841681
415.7999999999993,0,-5.8000000000000025,413.1529172841681
410.5999999999993,0,-5.200000000000003,413.1529172841681
405.99999999999926,0,-4.600000000000003,413.1529172841681
401.99999999999926,0,-4.0000000000000036,413.1529172841681
398.5999999999993,0,-3.4000000000000035,413.1529172841681
395.7999999999993,0,-2.8000000000000034,413.1529172841681
393.5999999999993,0,-2.2000000000000033,413.1529172841681
391.99999999999926,0,-1.6000000000000032,413.1529172841681
390.99999999999926,0,-1.000000000000003,413.1529172841681
390.5999999999993,0,-0.40000000000000313,413.1529172841681
390.7999999999993,0,0.19999999999999685,413.1529172841681
391.5999999999993,0,0.7999999999999968,413.1529172841681
392.99999999999926,0,1.3999999999999968,413.1529172841681
394.99999999999926,0,1.999999999999997,413.1529172841681
397.5999999999993,0,2.599999999999997,413.1529172841681
400.7999999999993,0,3.199999999999997,413.1529172841681
404.5999999999993,0,3.799999999999997,413.1529172841681
408.99999999999926,0,4.399999999999997,413.1529172841681
413.99999999999926,0,4.9999999999999964,413.1529172841681
419.5999999999993,0,5.599999999999996,413.1529172841681
425.7999999999993,0,6.199999999999996,413.1529172841681
432.5999999999993,0,6.799999999999995,413.1529172841681
439.99999999999926,0,7.399999999999995,413.1529172841681
430.5999999999993,1,-9.4,413.1529172841681
421.7999999999993,0,-8.8,413.1529172841681
413.5999999999993,0,-8.200000000000001,413.1529172841681
405.99999999999926,0,-7.600000000000001,413.1529172841681
398.99999999999926,0,-7.000000000000002,413.1529172841681
392.5999999999993,0,-6.400000000000002,413.1529172841681
386.7999999999993,0,-5.8000000000000025,413.1529172841681
381.5999999999993,0,-5.200000000000003,413.1529172841681
376.99999999999926,0,-4.600000000000003,413.1529172841681
372.99999999999926,0,-4.0000000000000036,413.1529172841681
369.5999999999993,0,-3.4000000000000035,413.1529172841681
366.7999999999993,0,-2.8000000000000034,413.1529172841681
364.5999999999993,0,-2.2000000000000033,413.1529172841681
362.99999999999926,0,-1.6000000000000032,413.1529172841681
361.99999999999926,0,-1.000000000000003,413.1529172841681
361.5999999999993,0,-0.40000000000000313,413.1529172841681
361.7999999999993,0,0.19999999999999685,413.1529172841681
362.5999999999993,0,0.7999999999999968,413.1529172841681
363.99999999999926,0,1.3999999999999968,413.1529172841681
365.99999999999926,0,1.999999999999997,413.1529172841681
368.5999999999993,0,2.599999999999997,413.1529172841681
371.7999999999993,0,3.199999999999997,413.1529172841681
375.5999999999993,0,3.799999999999997,413.1529172841681
379.99999999999926,0,4.399999999999997,413.1529172841681
384.99999999999926,0,4.9999999999999964,413.1529172841681
390.5999999999993,0,5.599999999999996,413.1529172841681
396.7999999999993,0,6.199999999999996,413.1529172841681
403.5999999999993,0,6.799999999999995,413.1529172841681
410.99999999999926,0,7.399999999999995,413.1529172841681
418.99999999999926,0,7.999999999999995,413.1529172841681
427.5999999999992,0,8.599999999999994,413.1529172841681
436.7999999999992,0,9.199999999999994,413.1529172841681
446.5999999999992,0,9.799999999999994,413.1529172841681
456.9999999999992,0,10.399999999999993,413.1529172841681
467.9999999999992,0,10.999999999999993,413.1529172841681
479.59999999999917,0,11.599999999999993,413.1529172841681
470.1999999999992,1,-9.4,413.1529172841681
461.3999999999992,0,-8.8,413.1529172841681
453.1999999999992,0,-8.200000000000001,413.1529172841681
445.59999999999917,0,-7.600000000000001,413.1529172841681
438.59999999999917,0,-7.000000000000002,413.1529172841681
432.1999999999992,0,-6.400000000000002,413.1529172841681
426.3999999999992,0,-5.8000000000000025,413.1529172841681
421.1999999999992,0,-5.200000000000003,413.1529172841681
416.59999999999917,0,-4.600000000000003,413.1529172841681
412.59999999999917,0,-4.0000000000000036,413.1529172841681
409.1999999999992,0,-3.4000000000000035,413.1529172841681
406.3999999999992,0,-2.8000000000000034,413.1529172841681
404.1999999999992,0,-2.2000000000000033,413.1529172841681
402.59999999999917,0,-1.6000000000000032,413.1529172841681
401.59999999999917,0,-1.000000000000003,413.1529172841681
401.1999999999992,0,-0.40000000000000313,413.1529172841681
401.3999999999992,0,0.19999999999999685,413.1529172841681
402.1999999999992,0,0.7999999999999968,413.1529172841681
403.59999999999917,0,1.3999999999999968,413.1529172841681
405.59999999999917,0,1.999999999999997,413.1529172841681
408.1999999999992,0,2.599999999999997,413.1529172841681
411.3999999999992,0,3.199999999999997,413.1529172841681
415.1999999999992,0,3.799999999999997,413.1529172841681
419.59999999999917,0,4.399999999999997,413.1529172841681
424.59999999999917,0,4.9999999999999964,413.1529172841681
430.1999999999992,0,5.599999999999996,413.1529172841681
436.3999999999992,0,6.199999999999996,413.1529172841681
443.1999999999992,0,6.799999999999995,413.1529172841681
450.59999999999917,0,7.399999999999995,413.1529172841681
458.59999999999917,0,7.999999999999995,413.1529172841681
467.19999999999914,0,8.599999999999994,413.1529172841681
476.3999999999991,0,9.199999999999994,413.1529172841681
486.19999999999914,0,9.799999999999994,413.1529172841681
476.79999999999916,1,-9.4,413.1529172841681
467.99999999999915,0,-8.8,413.1529172841681
459.79999999999916,0,-8.200000000000001,413.1529172841681
452.19999999999914,0,-7.600000000000001,413.1529172841681
445.19999999999914,0,-7.000000000000002,413.1529172841681
438.79999999999916,0,-6.400000000000002,413.1529172841681
432.99999999999915,0,-5.8000000000000025,413.1529172841681
427.79999999999916,0,-5.200000000000003,413.1529172841681
423.19999999999914,0,-4.600000000000003,413.1529172841681
419.19999999999914,0,-4.0000000000000036,413.1529172841681
415.79999999999916,0,-3.4000000000000035,413.1529172841681
412.99999999999915,0,-2.8000000000000034,413.1529172841681
410.79999999999916,0,-2.2000000000000033,413.1529172841681
409.19999999999914,0,-1.6000000000000032,413.1529172841681
408.19999999999914,0,-1.000000000000003,413.1529172841681
407.79999999999916,0,-0.40000000000000313,413.1529172841681
407.99999999999915,0,0.19999999999999685,413.1529172841681
408.79999999999916,0,0.7999999999999968,413.1529172841681
410.19999999999914,0,1.3999999999999968,413.1529172841681
412.19999999999914,0,1.999999999999997,413.1529172841681
414.79999999999916,0,2.599999999999997,413.1529172841681
417.99999999999915,0,3.199999999999997,413.1529172841681
421.79999999999916,0,3.799999999999997,413.1529172841681
426.19999999999914,0,4.399999999999997,413.1529172841681
431.19999999999914,0,4.9999999999999964,413.1529172841681
436.79999999999916,0,5.599999999999996,413.1529172841681
442.99999999999915,0,6.199999999999996,413.1529172841681
433.59999999999917,1,-9.4,413.1529172841681
424.79999999999916,0,-8.8,413.1529172841681
416.59999999999917,0,-8.200000000000001,413.1529172841681
408.99999999999915,0,-7.600000000000001,413.1529172841681
401.99999999999915,0,-7.000000000000002,413.1529172841681
395.59999999999917,0,-6.400000000000002,226.28653097216062
389.79999999999916,0,-5.8000000000000025,226.28653097216062
384.59999999999917,0,-5.200000000000003,226.28653097216062
379.99999999999915,0,-4.600000000000003,226.28653097216062
375.99999999999915,0,-4.0000000000000036,226.28653097216062
372.59999999999917,0,-3.4000000000000035,226.28653097216062
369.79999999999916,0,-2.8000000000000034,226.28653097216062
367.59999999999917,0,-2.2000000000000033,226.28653097216062
365.99999999999915,0,-1.6000000000000032,226.28653097216062
364.99999999999915,0,-1.000000000000003,226.28653097216062
364.59999999999917,0,-0.40000000000000313,226.28653097216062
364.79999999999916,0,0.19999999999999685,226.28653097216062
365.59999999999917,0,0.7999999999999968,226.28653097216062
366.99999999999915,0,1.3999999999999968,226.28653097216062
368.99999999999915,0,1.999999999999997,226.28653097216062
371.59999999999917,0,2.599999999999997,226.28653097216062
374.79999999999916,0,3.199999999999997,226.28653097216062
378.59999999999917,0,3.799999999999997,226.28653097216062
382.99999999999915,0,4.399999999999997,226.28653097216062
387.99999999999915,0,4.9999999999999964,226.28653097216062
393.59999999999917,0,5.599999999999996,226.28653097216062
399.79999999999916,0,6.199999999999996,226.28653097216062
406.59999999999917,0,6.799999999999995,226.28653097216062
413.99999999999915,0,7.399999999999995,226.28653097216062
421.99999999999915,0,7.999999999999995,226.28653097216062
430.5999999999991,0,8.599999999999994,226.28653097216062
439.7999999999991,0,9.199999999999994,226.28653097216062
430.3999999999991,1,-9.4,226.28653097216062
421.5999999999991,0,-8.8,226.28653097216062
413.3999999999991,0,-8.200000000000001,226.28653097216062
405.7999999999991,0,-7.600000000000001,226.28653097216062
398.7999999999991,0,-7.000000000000002,226.28653097216062
392.3999999999991,0,-6.400000000000002,226.28653097216062
386.5999999999991,0,-5.8000000000000025,226.28653097216062
381.3999999999991,0,-5.200000000000003,226.28653097216062
376.7999999999991,0,-4.600000000000003,226.28653097216062
372.7999999999991,0,-4.0000000000000036,226.28653097216062
369.3999999999991,0,-3.4000000000000035,226.28653097216062
366.5999999999991,0,-2.8000000000000034,226.28653097216062
364.3999999999991,0,-2.2000000000000033,226.28653097216062
362.7999999999991,0,-1.6000000000000032,226.28653097216062
361.7999999999991,0,-1.000000000000003,226.28653097216062
361.3999999999991,0,-0.40000000000000313,226.28653097216062
361.5999999999991,0,0.19999999999999685,226.28653097216062
362.3999999999991,0,0.7999999999999968,226.28653097216062
363.7999999999991,0,1.3999999999999968,226.28653097216062
365.7999999999991,0,1.999999999999997,226.28653097216062
368.3999999999991,0,2.599999999999997,226.28653097216062
358.99999999999915,1,-9.4,226.28653097216062
350.19999999999914,0,-8.8,226.28653097216062
341.99999999999915,0,-8.200000000000001,226.28653097216062
334.3999999999991,0,-7.600000000000001,226.28653097216062
327.3999999999991,0,-7.000000000000002,226.28653097216062
320.99999999999915,0,-6.400000000000002,226.28653097216062
315.19999999999914,0,-5.8000000000000025,226.28653097216062
309.99999999999915,0,-5.200000000000003,226.28653097216062
305.3999999999991,0,-4.600000000000003,226.28653097216062
301.3999999999991,0,-4.0000000000000036,226.28653097216062
291.99999999999915,1,-9.4,226.28653097216062
283.19999999999914,0,-8.8,226.28653097216062
274.99999999999915,0,-8.200000000000001,226.28653097216062
267.3999999999991,0,-7.600000000000001,226.28653097216062
260.3999999999991,0,-7.000000000000002,226.28653097216062
253.99999999999912,0,-6.400000000000002,226.28653097216062
248.1999999999991,0,-5.8000000000000025,226.28653097216062
242.9999999999991,0,-5.200000000000003,226.28653097216062
238.3999999999991,0,-4.600000000000003,226.28653097216062
234.3999999999991,0,-4.0000000000000036,226.28653097216062
224.9999999999991,1,-9.4,226.28653097216062
216.19999999999908,0,-8.8,226.28653097216062
207.9999999999991,0,-8.200000000000001,226.28653097216062
200.3999999999991,0,-7.600000000000001,226.28653097216062
193.3999999999991,0,-7.000000000000002,226.28653097216062
186.9999999999991,0,-6.400000000000002,226.28653097216062
181.19999999999908,0,-5.8000000000000025,226.28653097216062
175.9999999999991,0,-5.200000000000003,226.28653097216062
171.3999999999991,0,-4.600000000000003,226.28653097216062
167.3999999999991,0,-4.0000000000000036,226.28653097216062
163.9999999999991,0,-3.4000000000000035,226.28653097216062
161.19999999999908,0,-2.8000000000000034,226.28653097216062
158.99999999999906,0,-2.2000000000000033,226.28653097216062
157.39999999999907,0,-1.6000000000000032,226.28653097216062
156.39999999999907,0,-1.000000000000003,226.28653097216062
155.99999999999906,0,-0.40000000000000313,226.28653097216062
156.19999999999905,0,0.19999999999999685,226.28653097216062
156.99999999999903,0,0.7999999999999968,226.28653097216062
158.39999999999904,0,1.3999999999999968,226.28653097216062
160.39999999999904,0,1.999999999999997,226.28653097216062
162.99999999999903,0,2.599999999999997,226.28653097216062
166.19999999999902,0,3.199999999999997,226.28653097216062
169.99999999999903,0,3.799999999999997,226.28653097216062
174.39999999999904,0,4.399999999999997,226.28653097216062
179.39999999999904,0,4.9999999999999964,226.28653097216062
184.99999999999903,0,5.599999999999996,226.28653097216062
191.19999999999902,0,6.199999999999996,226.28653097216062
197.999999999999,0,6.799999999999995,226.28653097216062
205.399999999999,0,7.399999999999995,226.28653097216062
213.399999999999,0,7.999999999999995,226.28653097216062
221.999999999999,0,8.599999999999994,226.28653097216062
231.199999999999,0,9.199999999999994,226.28653097216062
240.99999999999898,0,9.799999999999994,226.28653097216062
251.39999999999898,0,10.399999999999993,226.28653097216062
262.39999999999895,0,10.999999999999993,226.28653097216062
273.9999999999989,0,11.599999999999993,226.28653097216062
286.1999999999989,0,12.199999999999992,226.28653097216062
276.79999999999893,1,-9.4,226.28653097216062
267.9999999999989,0,-8.8,226.28653097216062
259.79999999999893,0,-8.200000000000001,226.28653097216062
252.19999999999894,0,-7.600000000000001,226.28653097216062
245.19999999999894,0,-7.000000000000002,226.28653097216062
238.79999999999893,0,-6.400000000000002,226.28653097216062
232.99999999999892,0,-5.8000000000000025,226.28653097216062
227.79999999999893,0,-5.200000000000003,226.28653097216062
223.19999999999894,0,-4.600000000000003,226.28653097216062
219.19999999999894,0,-4.0000000000000036,226.28653097216062
215.79999999999893,0,-3.4000000000000035,226.28653097216062
212.99999999999892,0,-2.8000000000000034,226.28653097216062
210.7999999999989,0,-2.2000000000000033,226.28653097216062
209.1999999999989,0,-1.6000000000000032,226.28653097216062
208.1999999999989,0,-1.000000000000003,226.28653097216062
207.7999999999989,0,-0.40000000000000313,226.28653097216062
207.9999999999989,0,0.19999999999999685,226.28653097216062
208.79999999999887,0,0.7999999999999968,226.28653097216062
210.19999999999888,0,1.3999999999999968,226.28653097216062
212.19999999999888,0,1.999999999999997,226.28653097216062
214.79999999999887,0,2.599999999999997,226.28653097216062
217.99999999999886,0,3.199999999999997,226.28653097216062
221.79999999999887,0,3.799999999999997,226.28653097216062
226.19999999999888,0,4.399999999999997,226.28653097216062
231.19999999999888,0,4.9999999999999964,226.28653097216062
236.79999999999887,0,5.599999999999996,226.28653097216062
242.99999999999886,0,6.199999999999996,226.28653097216062
233.59999999999886,1,-9.4,226.28653097216062
224.79999999999885,0,-8.8,226.28653097216062
216.59999999999886,0,-8.200000000000001,226.28653097216062
208.99999999999886,0,-7.600000000000001,226.28653097216062
201.99999999999886,0,-7.000000000000002,226.28653097216062
195.59999999999886,0,-6.400000000000002,226.28653097216062
189.79999999999885,0,-5.8000000000000025,226.28653097216062
184.59999999999883,0,-5.200000000000003,226.28653097216062
179.99999999999883,0,-4.600000000000003,226.28653097216062
175.99999999999883,0,-4.0000000000000036,226.28653097216062
172.59999999999883,0,-3.4000000000000035,226.28653097216062
169.79999999999882,0,-2.8000000000000034,226.28653097216062
167.5999999999988,0,-2.2000000000000033,226.28653097216062
165.9999999999988,0,-1.6000000000000032,226.28653097216062
164.9999999999988,0,-1.000000000000003,226.28653097216062
164.5999999999988,0,-0.40000000000000313,226.28653097216062
164.7999999999988,0,0.19999999999999685,226.28653097216062
165.59999999999877,0,0.7999999999999968,226.28653097216062
166.99999999999878,0,1.3999999999999968,417.54599600886127
168.99999999999878,0,1.999999999999997,417.54599600886127
171.59999999999877,0,2.599999999999997,417.54599600886127
174.79999999999876,0,3.199999999999997,417.54599600886127
178.59999999999877,0,3.799999999999997,417.54599600886127
182.99999999999878,0,4.399999999999997,417.54599600886127
187.99999999999878,0,4.9999999999999964,417.54599600886127
193.59999999999877,0,5.599999999999996,417.54599600886127
199.79999999999876,0,6.199999999999996,417.54599600886127
206.59999999999874,0,6.799999999999995,417.54599600886127
213.99999999999875,0,7.399999999999995,417.54599600886127
221.99999999999875,0,7.999999999999995,417.54599600886127
230.59999999999874,0,8.599999999999994,417.54599600886127
221.19999999999874,1,-9.4,417.54599600886127
212.39999999999873,0,-8.8,417.54599600886127
204.19999999999874,0,-8.200000000000001,417.54599600886127
196.59999999999874,0,-7.600000000000001,417.54599600886127
189.59999999999874,0,-7.000000000000002,417.54599600886127
183.19999999999874,0,-6.400000000000002,417.54599600886127
177.39999999999873,0,-5.8000000000000025,417.54599600886127
172.19999999999874,0,-5.200000000000003,417.54599600886127
167.59999999999874,0,-4.600000000000003,417.54599600886127
163.59999999999874,0,-4.0000000000000036,417.54599600886127
160.19999999999874,0,-3.4000000000000035,417.54599600886127
157.39999999999873,0,-2.8000000000000034,417.54599600886127
